[{'market': 'KRW-BTC', 'candle_date_time_utc': '2023-04-24T02:07:00', 'candle_date_time_kst': '2023-04-24T11:07:00', 'opening_price': 37049000.0, 'high_price': 37055000.0, 'low_price': 37048000.0, 'trade_price': 37055000.0, 'timestamp': 1682302042314, 'candle_acc_trade_price': 67957263.30727, 'candle_acc_trade_volume': 1.83420709, 'unit': 1}]
[{'type': 'BTC', 'DT': '2023-04-24T11:07:00', 'PRICE': 37049000.0, 'RSI': 58.633, 'MFI': 53.4993, 'MACD': 45930.5954, 'SIGNAL': 4288.08, 'OCL': 41642.5153, 'BBH': 37109183.8547, 'BBM': 36825750.0, 'BBL': 36542316.1453}]
[{'market': 'KRW-BTC', 'candle_date_time_utc': '2023-04-24T02:07:00', 'candle_date_time_kst': '2023-04-24T11:07:00', 'opening_price': 37049000.0, 'high_price': 37055000.0, 'low_price': 37048000.0, 'trade_price': 37055000.0, 'timestamp': 1682302043119, 'candle_acc_trade_price': 69699036.17612, 'candle_acc_trade_volume': 1.88121216, 'unit': 1}]
[{'type': 'BTC', 'DT': '2023-04-24T11:07:00', 'PRICE': 37055000.0, 'RSI': 58.633, 'MFI': 53.4993, 'MACD': 45930.5954, 'SIGNAL': 4288.08, 'OCL': 41642.5153, 'BBH': 37109183.8547, 'BBM': 36825750.0, 'BBL': 36542316.1453}]
[{'market': 'KRW-BTC', 'candle_date_time_utc': '2023-04-24T02:07:00', 'candle_date_time_kst': '2023-04-24T11:07:00', 'opening_price': 37049000.0, 'high_price': 37055000.0, 'low_price': 37048000.0, 'trade_price': 37055000.0, 'timestamp': 1682302043119, 'candle_acc_trade_price': 69699036.17612, 'candle_acc_trade_volume': 1.88121216, 'unit': 1}]
[{'type': 'BTC', 'DT': '2023-04-24T11:07:00', 'PRICE': 37055000.0, 'RSI': 58.633, 'MFI': 53.4993, 'MACD': 45930.5954, 'SIGNAL': 4288.08, 'OCL': 41642.5153, 'BBH': 37109183.8547, 'BBM': 36825750.0, 'BBL': 36542316.1453}]
[{'market': 'KRW-BTC', 'candle_date_time_utc': '2023-04-24T02:10:00', 'candle_date_time_kst': '2023-04-24T11:10:00', 'opening_price': 37039000.0, 'high_price': 37040000.0, 'low_price': 37038000.0, 'trade_price': 37040000.0, 'timestamp': 1682302216806, 'candle_acc_trade_price': 17292916.69029, 'candle_acc_trade_volume': 0.46688144, 'unit': 1}]
[{'type': 'BTC', 'DT': '2023-04-24T11:10:00', 'PRICE': 37040000.0, 'RSI': 57.9186, 'MFI': 53.771, 'MACD': 44734.0142, 'SIGNAL': 4048.7638, 'OCL': 40685.2504, 'BBH': 37106072.9443, 'BBM': 36825000.0, 'BBL': 36543927.0557}]
[{'market': 'KRW-BTC', 'candle_date_time_utc': '2023-04-24T02:10:00', 'candle_date_time_kst': '2023-04-24T11:10:00', 'opening_price': 37039000.0, 'high_price': 37040000.0, 'low_price': 37038000.0, 'trade_price': 37040000.0, 'timestamp': 1682302218272, 'candle_acc_trade_price': 17575295.57509, 'candle_acc_trade_volume': 0.47450506, 'unit': 1}]
[{'type': 'BTC', 'DT': '2023-04-24T11:10:00', 'PRICE': 37040000.0, 'RSI': 57.9186, 'MFI': 53.771, 'MACD': 44734.0142, 'SIGNAL': 4048.7638, 'OCL': 40685.2504, 'BBH': 37106072.9443, 'BBM': 36825000.0, 'BBL': 36543927.0557}]
[{'market': 'KRW-BTC', 'candle_date_time_utc': '2023-04-24T02:11:00', 'candle_date_time_kst': '2023-04-24T11:11:00', 'opening_price': 37039000.0, 'high_price': 37039000.0, 'low_price': 37038000.0, 'trade_price': 37039000.0, 'timestamp': 1682302292809, 'candle_acc_trade_price': 18034692.66147, 'candle_acc_trade_volume': 0.48691719, 'unit': 1}]
[{'type': 'BTC', 'DT': '2023-04-24T11:11:00', 'PRICE': 37039000.0, 'RSI': 57.8716, 'MFI': 53.8245, 'MACD': 44654.2421, 'SIGNAL': 4032.8094, 'OCL': 40621.4327, 'BBH': 37105870.2556, 'BBM': 36824950.0, 'BBL': 36544029.7444}]
[{'market': 'KRW-BTC', 'candle_date_time_utc': '2023-04-24T02:11:00', 'candle_date_time_kst': '2023-04-24T11:11:00', 'opening_price': 37039000.0, 'high_price': 37039000.0, 'low_price': 37038000.0, 'trade_price': 37039000.0, 'timestamp': 1682302292809, 'candle_acc_trade_price': 18034692.66147, 'candle_acc_trade_volume': 0.48691719, 'unit': 1}]
[{'type': 'BTC', 'DT': '2023-04-24T11:11:00', 'PRICE': 37039000.0, 'RSI': 57.9186, 'MFI': 53.8528, 'MACD': 44734.0142, 'SIGNAL': 4048.7638, 'OCL': 40685.2504, 'BBH': 37106072.9443, 'BBM': 36825000.0, 'BBL': 36543927.0557}]
[{'market': 'KRW-BTC', 'candle_date_time_utc': '2023-04-24T02:11:00', 'candle_date_time_kst': '2023-04-24T11:11:00', 'opening_price': 37039000.0, 'high_price': 37043000.0, 'low_price': 37038000.0, 'trade_price': 37040000.0, 'timestamp': 1682302298472, 'candle_acc_trade_price': 45468275.52286, 'candle_acc_trade_volume': 1.22750777, 'unit': 1}]
[{'type': 'BTC', 'DT': '2023-04-24T11:11:00', 'PRICE': 37040000.0, 'RSI': 58.0601, 'MFI': 53.8531, 'MACD': 44973.3304, 'SIGNAL': 4096.6271, 'OCL': 40876.7034, 'BBH': 37106684.5627, 'BBM': 36825150.0, 'BBL': 36543615.4373}]
[{'market': 'KRW-BTC', 'candle_date_time_utc': '2023-04-24T02:11:00', 'candle_date_time_kst': '2023-04-24T11:11:00', 'opening_price': 37039000.0, 'high_price': 37043000.0, 'low_price': 37038000.0, 'trade_price': 37043000.0, 'timestamp': 1682302300078, 'candle_acc_trade_price': 45727576.52286, 'candle_acc_trade_volume': 1.23450777, 'unit': 1}]
[{'type': 'BTC', 'DT': '2023-04-24T11:11:00', 'PRICE': 37043000.0, 'RSI': 58.0601, 'MFI': 53.8531, 'MACD': 44973.3304, 'SIGNAL': 4096.6271, 'OCL': 40876.7034, 'BBH': 37106684.5627, 'BBM': 36825150.0, 'BBL': 36543615.4373}]
[{'market': 'KRW-BTC', 'candle_date_time_utc': '2023-04-24T02:11:00', 'candle_date_time_kst': '2023-04-24T11:11:00', 'opening_price': 37039000.0, 'high_price': 37043000.0, 'low_price': 37038000.0, 'trade_price': 37043000.0, 'timestamp': 1682302302447, 'candle_acc_trade_price': 46732732.03055, 'candle_acc_trade_volume': 1.2616426, 'unit': 1}]
[{'type': 'BTC', 'DT': '2023-04-24T11:11:00', 'PRICE': 37043000.0, 'RSI': 58.0601, 'MFI': 53.8531, 'MACD': 44973.3304, 'SIGNAL': 4096.6271, 'OCL': 40876.7034, 'BBH': 37106684.5627, 'BBM': 36825150.0, 'BBL': 36543615.4373}]
[{'market': 'KRW-BTC', 'candle_date_time_utc': '2023-04-24T02:11:00', 'candle_date_time_kst': '2023-04-24T11:11:00', 'opening_price': 37039000.0, 'high_price': 37043000.0, 'low_price': 37038000.0, 'trade_price': 37043000.0, 'timestamp': 1682302302947, 'candle_acc_trade_price': 47220880.60982, 'candle_acc_trade_volume': 1.27482049, 'unit': 1}]
[{'type': 'BTC', 'DT': '2023-04-24T11:11:00', 'PRICE': 37043000.0, 'RSI': 58.0601, 'MFI': 53.8546, 'MACD': 44973.3304, 'SIGNAL': 4096.6271, 'OCL': 40876.7034, 'BBH': 37106684.5627, 'BBM': 36825150.0, 'BBL': 36543615.4373}]
[{'market': 'KRW-BTC', 'candle_date_time_utc': '2023-04-24T02:11:00', 'candle_date_time_kst': '2023-04-24T11:11:00', 'opening_price': 37039000.0, 'high_price': 37043000.0, 'low_price': 37038000.0, 'trade_price': 37043000.0, 'timestamp': 1682302302947, 'candle_acc_trade_price': 47220880.60982, 'candle_acc_trade_volume': 1.27482049, 'unit': 1}]
[{'type': 'BTC', 'DT': '2023-04-24T11:11:00', 'PRICE': 37043000.0, 'RSI': 58.0601, 'MFI': 53.8546, 'MACD': 44973.3304, 'SIGNAL': 4096.6271, 'OCL': 40876.7034, 'BBH': 37106684.5627, 'BBM': 36825150.0, 'BBL': 36543615.4373}]
[{'market': 'KRW-BTC', 'candle_date_time_utc': '2023-04-24T02:11:00', 'candle_date_time_kst': '2023-04-24T11:11:00', 'opening_price': 37039000.0, 'high_price': 37047000.0, 'low_price': 37038000.0, 'trade_price': 37043000.0, 'timestamp': 1682302305659, 'candle_acc_trade_price': 50436818.1919, 'candle_acc_trade_volume': 1.36163497, 'unit': 1}]
[{'type': 'BTC', 'DT': '2023-04-24T11:11:00', 'PRICE': 37043000.0, 'RSI': 58.0601, 'MFI': 53.8579, 'MACD': 44893.5583, 'SIGNAL': 4080.6726, 'OCL': 40812.8857, 'BBH': 37106684.5627, 'BBM': 36825150.0, 'BBL': 36543615.4373}]
[{'market': 'KRW-BTC', 'candle_date_time_utc': '2023-04-24T02:11:00', 'candle_date_time_kst': '2023-04-24T11:11:00', 'opening_price': 37039000.0, 'high_price': 37047000.0, 'low_price': 37038000.0, 'trade_price': 37043000.0, 'timestamp': 1682302305659, 'candle_acc_trade_price': 50436818.1919, 'candle_acc_trade_volume': 1.36163497, 'unit': 1}]
[{'type': 'BTC', 'DT': '2023-04-24T11:11:00', 'PRICE': 37042000.0, 'RSI': 58.0601, 'MFI': 53.858, 'MACD': 44893.5583, 'SIGNAL': 4080.6726, 'OCL': 40812.8857, 'BBH': 37106480.0988, 'BBM': 36825100.0, 'BBL': 36543719.9012}]
[{'market': 'KRW-BTC', 'candle_date_time_utc': '2023-04-24T02:11:00', 'candle_date_time_kst': '2023-04-24T11:11:00', 'opening_price': 37039000.0, 'high_price': 37047000.0, 'low_price': 37038000.0, 'trade_price': 37042000.0, 'timestamp': 1682302306502, 'candle_acc_trade_price': 50525551.56206, 'candle_acc_trade_volume': 1.36403045, 'unit': 1}]
[{'type': 'BTC', 'DT': '2023-04-24T11:11:00', 'PRICE': 37043000.0, 'RSI': 59.4643, 'MFI': 53.8714, 'MACD': 47286.7207, 'SIGNAL': 4559.3051, 'OCL': 42727.4156, 'BBH': 37112866.589, 'BBM': 36826600.0, 'BBL': 36540333.411}]
[{'market': 'KRW-BTC', 'candle_date_time_utc': '2023-04-24T02:11:00', 'candle_date_time_kst': '2023-04-24T11:11:00', 'opening_price': 37039000.0, 'high_price': 37072000.0, 'low_price': 37038000.0, 'trade_price': 37072000.0, 'timestamp': 1682302307630, 'candle_acc_trade_price': 63185526.4967, 'candle_acc_trade_volume': 1.70570538, 'unit': 1}]
[{'type': 'BTC', 'DT': '2023-04-24T11:11:00', 'PRICE': 37072000.0, 'RSI': 59.4643, 'MFI': 53.8714, 'MACD': 47286.7207, 'SIGNAL': 4559.3051, 'OCL': 42727.4156, 'BBH': 37112866.589, 'BBM': 36826600.0, 'BBL': 36540333.411}]
[{'market': 'KRW-BTC', 'candle_date_time_utc': '2023-04-24T02:11:00', 'candle_date_time_kst': '2023-04-24T11:11:00', 'opening_price': 37039000.0, 'high_price': 37072000.0, 'low_price': 37038000.0, 'trade_price': 37042000.0, 'timestamp': 1682302310981, 'candle_acc_trade_price': 63191526.18944, 'candle_acc_trade_volume': 1.70586735, 'unit': 1}]
[{'type': 'BTC', 'DT': '2023-04-24T11:11:00', 'PRICE': 37072000.0, 'RSI': 58.0129, 'MFI': 53.8711, 'MACD': 44893.5583, 'SIGNAL': 4080.6726, 'OCL': 40812.8857, 'BBH': 37106480.0988, 'BBM': 36825100.0, 'BBL': 36543719.9012}]
[{'market': 'KRW-BTC', 'candle_date_time_utc': '2023-04-24T02:12:00', 'candle_date_time_kst': '2023-04-24T11:12:00', 'opening_price': 37074000.0, 'high_price': 37078000.0, 'low_price': 37044000.0, 'trade_price': 37076000.0, 'timestamp': 1682302350054, 'candle_acc_trade_price': 13961327.80709, 'candle_acc_trade_volume': 0.37660535, 'unit': 1}]
[{'type': 'BTC', 'DT': '2023-04-24T11:12:00', 'PRICE': 37076000.0, 'RSI': 59.6135, 'MFI': 53.8899, 'MACD': 47605.809, 'SIGNAL': 4623.1228, 'OCL': 42982.6863, 'BBH': 37113533.4549, 'BBM': 36826750.0, 'BBL': 36539966.5451}]
[{'market': 'KRW-BTC', 'candle_date_time_utc': '2023-04-24T02:12:00', 'candle_date_time_kst': '2023-04-24T11:12:00', 'opening_price': 37074000.0, 'high_price': 37078000.0, 'low_price': 37044000.0, 'trade_price': 37075000.0, 'timestamp': 1682302352826, 'candle_acc_trade_price': 15460577.77959, 'candle_acc_trade_volume': 0.41704365, 'unit': 1}]
[{'type': 'BTC', 'DT': '2023-04-24T11:12:00', 'PRICE': 37076000.0, 'RSI': 59.6135, 'MFI': 53.8915, 'MACD': 47526.037, 'SIGNAL': 4607.1684, 'OCL': 42918.8686, 'BBH': 37113533.4549, 'BBM': 36826750.0, 'BBL': 36539966.5451}]
[{'market': 'KRW-BTC', 'candle_date_time_utc': '2023-04-24T02:12:00', 'candle_date_time_kst': '2023-04-24T11:12:00', 'opening_price': 37074000.0, 'high_price': 37078000.0, 'low_price': 37044000.0, 'trade_price': 37075000.0, 'timestamp': 1682302352826, 'candle_acc_trade_price': 15460577.77959, 'candle_acc_trade_volume': 0.41704365, 'unit': 1}]
[{'type': 'BTC', 'DT': '2023-04-24T11:12:00', 'PRICE': 37075000.0, 'RSI': 59.6135, 'MFI': 53.8915, 'MACD': 47526.037, 'SIGNAL': 4607.1684, 'OCL': 42918.8686, 'BBH': 37113533.4549, 'BBM': 36826750.0, 'BBL': 36539966.5451}]
[{'market': 'KRW-BTC', 'candle_date_time_utc': '2023-04-24T02:12:00', 'candle_date_time_kst': '2023-04-24T11:12:00', 'opening_price': 37074000.0, 'high_price': 37078000.0, 'low_price': 37044000.0, 'trade_price': 37075000.0, 'timestamp': 1682302352826, 'candle_acc_trade_price': 15460577.77959, 'candle_acc_trade_volume': 0.41704365, 'unit': 1}]
[{'type': 'BTC', 'DT': '2023-04-24T11:12:00', 'PRICE': 37075000.0, 'RSI': 59.6135, 'MFI': 53.8968, 'MACD': 45212.6467, 'SIGNAL': 4144.4903, 'OCL': 41068.1564, 'BBH': 37107301.4894, 'BBM': 36825300.0, 'BBL': 36543298.5106}]
[{'market': 'KRW-BTC', 'candle_date_time_utc': '2023-04-24T02:12:00', 'candle_date_time_kst': '2023-04-24T11:12:00', 'opening_price': 37074000.0, 'high_price': 37078000.0, 'low_price': 37044000.0, 'trade_price': 37046000.0, 'timestamp': 1682302357325, 'candle_acc_trade_price': 30709580.87304, 'candle_acc_trade_volume': 0.82835263, 'unit': 1}]
[{'type': 'BTC', 'DT': '2023-04-24T11:12:00', 'PRICE': 37075000.0, 'RSI': 58.2023, 'MFI': 53.9068, 'MACD': 45212.6467, 'SIGNAL': 4144.4903, 'OCL': 41068.1564, 'BBH': 37107301.4894, 'BBM': 36825300.0, 'BBL': 36543298.5106}]
[{'market': 'KRW-BTC', 'candle_date_time_utc': '2023-04-24T02:12:00', 'candle_date_time_kst': '2023-04-24T11:12:00', 'opening_price': 37074000.0, 'high_price': 37078000.0, 'low_price': 37044000.0, 'trade_price': 37046000.0, 'timestamp': 1682302357325, 'candle_acc_trade_price': 30709580.87304, 'candle_acc_trade_volume': 0.82835263, 'unit': 1}]
[{'type': 'BTC', 'DT': '2023-04-24T11:12:00', 'PRICE': 37046000.0, 'RSI': 58.2023, 'MFI': 53.9068, 'MACD': 45212.6467, 'SIGNAL': 4144.4903, 'OCL': 41068.1564, 'BBH': 37107301.4894, 'BBM': 36825300.0, 'BBL': 36543298.5106}]
[{'market': 'KRW-BTC', 'candle_date_time_utc': '2023-04-24T02:12:00', 'candle_date_time_kst': '2023-04-24T11:12:00', 'opening_price': 37074000.0, 'high_price': 37078000.0, 'low_price': 37044000.0, 'trade_price': 37044000.0, 'timestamp': 1682302360477, 'candle_acc_trade_price': 32121966.83599, 'candle_acc_trade_volume': 0.86647852, 'unit': 1}]
[{'type': 'BTC', 'DT': '2023-04-24T11:12:00', 'PRICE': 37044000.0, 'RSI': 58.1074, 'MFI': 53.9083, 'MACD': 45053.1025, 'SIGNAL': 4112.5815, 'OCL': 40940.521, 'BBH': 37106889.6164, 'BBM': 36825200.0, 'BBL': 36543510.3836}]
[{'market': 'KRW-BTC', 'candle_date_time_utc': '2023-04-24T02:12:00', 'candle_date_time_kst': '2023-04-24T11:12:00', 'opening_price': 37074000.0, 'high_price': 37078000.0, 'low_price': 37044000.0, 'trade_price': 37044000.0, 'timestamp': 1682302360477, 'candle_acc_trade_price': 32121966.83599, 'candle_acc_trade_volume': 0.86647852, 'unit': 1}]
[{'type': 'BTC', 'DT': '2023-04-24T11:12:00', 'PRICE': 37044000.0, 'RSI': 58.1074, 'MFI': 53.9083, 'MACD': 45053.1025, 'SIGNAL': 4112.5815, 'OCL': 40940.521, 'BBH': 37106889.6164, 'BBM': 36825200.0, 'BBL': 36543510.3836}]
[{'market': 'KRW-BTC', 'candle_date_time_utc': '2023-04-24T02:12:00', 'candle_date_time_kst': '2023-04-24T11:12:00', 'opening_price': 37074000.0, 'high_price': 37078000.0, 'low_price': 37044000.0, 'trade_price': 37044000.0, 'timestamp': 1682302360477, 'candle_acc_trade_price': 32121966.83599, 'candle_acc_trade_volume': 0.86647852, 'unit': 1}]
[{'type': 'BTC', 'DT': '2023-04-24T11:12:00', 'PRICE': 37044000.0, 'RSI': 58.1074, 'MFI': 53.9083, 'MACD': 45053.1025, 'SIGNAL': 4112.5815, 'OCL': 40940.521, 'BBH': 37106889.6164, 'BBM': 36825200.0, 'BBL': 36543510.3836}]
[{'market': 'KRW-BTC', 'candle_date_time_utc': '2023-04-24T02:12:00', 'candle_date_time_kst': '2023-04-24T11:12:00', 'opening_price': 37074000.0, 'high_price': 37078000.0, 'low_price': 37044000.0, 'trade_price': 37044000.0, 'timestamp': 1682302364355, 'candle_acc_trade_price': 35424536.80968, 'candle_acc_trade_volume': 0.95561684, 'unit': 1}]
[{'type': 'BTC', 'DT': '2023-04-24T11:12:00', 'PRICE': 37044000.0, 'RSI': 58.1074, 'MFI': 53.9117, 'MACD': 47526.037, 'SIGNAL': 4607.1684, 'OCL': 42918.8686, 'BBH': 37113533.4549, 'BBM': 36826750.0, 'BBL': 36539966.5451}]
[{'market': 'KRW-BTC', 'candle_date_time_utc': '2023-04-24T02:12:00', 'candle_date_time_kst': '2023-04-24T11:12:00', 'opening_price': 37074000.0, 'high_price': 37078000.0, 'low_price': 37044000.0, 'trade_price': 37075000.0, 'timestamp': 1682302365378, 'candle_acc_trade_price': 35786275.36018, 'candle_acc_trade_volume': 0.96537378, 'unit': 1}]
[{'type': 'BTC', 'DT': '2023-04-24T11:12:00', 'PRICE': 37044000.0, 'RSI': 58.1548, 'MFI': 53.9128, 'MACD': 45132.8746, 'SIGNAL': 4128.5359, 'OCL': 41004.3387, 'BBH': 37107095.259, 'BBM': 36825250.0, 'BBL': 36543404.741}]
[{'market': 'KRW-BTC', 'candle_date_time_utc': '2023-04-24T02:12:00', 'candle_date_time_kst': '2023-04-24T11:12:00', 'opening_price': 37074000.0, 'high_price': 37078000.0, 'low_price': 37044000.0, 'trade_price': 37045000.0, 'timestamp': 1682302365640, 'candle_acc_trade_price': 36553599.98413, 'candle_acc_trade_volume': 0.98607315, 'unit': 1}]
[{'type': 'BTC', 'DT': '2023-04-24T11:12:00', 'PRICE': 37045000.0, 'RSI': 58.1548, 'MFI': 53.9128, 'MACD': 45132.8746, 'SIGNAL': 4128.5359, 'OCL': 41004.3387, 'BBH': 37107095.259, 'BBM': 36825250.0, 'BBL': 36543404.741}]
[{'market': 'KRW-BTC', 'candle_date_time_utc': '2023-04-24T02:14:00', 'candle_date_time_kst': '2023-04-24T11:14:00', 'opening_price': 37072000.0, 'high_price': 37073000.0, 'low_price': 37050000.0, 'trade_price': 37050000.0, 'timestamp': 1682302442465, 'candle_acc_trade_price': 4469409.78359, 'candle_acc_trade_volume': 0.12059906, 'unit': 1}]
[{'type': 'BTC', 'DT': '2023-04-24T11:14:00', 'PRICE': 37050000.0, 'RSI': 58.393, 'MFI': 54.0059, 'MACD': 47366.4928, 'SIGNAL': 4575.2595, 'OCL': 42791.2333, 'BBH': 37113088.318, 'BBM': 36826650.0, 'BBL': 36540211.682}]
[{'market': 'KRW-BTC', 'candle_date_time_utc': '2023-04-24T02:14:00', 'candle_date_time_kst': '2023-04-24T11:14:00', 'opening_price': 37072000.0, 'high_price': 37073000.0, 'low_price': 37050000.0, 'trade_price': 37073000.0, 'timestamp': 1682302450662, 'candle_acc_trade_price': 15466757.84987, 'candle_acc_trade_volume': 0.41723942, 'unit': 1}]
[{'type': 'BTC', 'DT': '2023-04-24T11:14:00', 'PRICE': 37073000.0, 'RSI': 59.514, 'MFI': 54.0061, 'MACD': 47366.4928, 'SIGNAL': 4575.2595, 'OCL': 42791.2333, 'BBH': 37113088.318, 'BBM': 36826650.0, 'BBL': 36540211.682}]
[{'market': 'KRW-BTC', 'candle_date_time_utc': '2023-04-24T02:14:00', 'candle_date_time_kst': '2023-04-24T11:14:00', 'opening_price': 37072000.0, 'high_price': 37073000.0, 'low_price': 37050000.0, 'trade_price': 37073000.0, 'timestamp': 1682302450662, 'candle_acc_trade_price': 15466757.84987, 'candle_acc_trade_volume': 0.41723942, 'unit': 1}]
[{'type': 'BTC', 'DT': '2023-04-24T11:14:00', 'PRICE': 37073000.0, 'RSI': 59.514, 'MFI': 54.0163, 'MACD': 47366.4928, 'SIGNAL': 4575.2595, 'OCL': 42791.2333, 'BBH': 37113088.318, 'BBM': 36826650.0, 'BBL': 36540211.682}]
[{'market': 'KRW-BTC', 'candle_date_time_utc': '2023-04-24T02:14:00', 'candle_date_time_kst': '2023-04-24T11:14:00', 'opening_price': 37072000.0, 'high_price': 37073000.0, 'low_price': 37050000.0, 'trade_price': 37073000.0, 'timestamp': 1682302453258, 'candle_acc_trade_price': 25728613.18623, 'candle_acc_trade_volume': 0.69404074, 'unit': 1}]
[{'type': 'BTC', 'DT': '2023-04-24T11:14:00', 'PRICE': 37073000.0, 'RSI': 59.514, 'MFI': 54.0163, 'MACD': 47366.4928, 'SIGNAL': 4575.2595, 'OCL': 42791.2333, 'BBH': 37109608.5417, 'BBM': 36825850.0, 'BBL': 36542091.4583}]
[{'market': 'KRW-BTC', 'candle_date_time_utc': '2023-04-24T02:14:00', 'candle_date_time_kst': '2023-04-24T11:14:00', 'opening_price': 37072000.0, 'high_price': 37073000.0, 'low_price': 37050000.0, 'trade_price': 37057000.0, 'timestamp': 1682302454845, 'candle_acc_trade_price': 27779657.36275, 'candle_acc_trade_volume': 0.7493891, 'unit': 1}]
[{'type': 'BTC', 'DT': '2023-04-24T11:14:00', 'PRICE': 37073000.0, 'RSI': 58.7296, 'MFI': 54.0183, 'MACD': 46090.1395, 'SIGNAL': 4319.9889, 'OCL': 41770.1507, 'BBH': 37113088.318, 'BBM': 36826650.0, 'BBL': 36540211.682}]
[{'market': 'KRW-BTC', 'candle_date_time_utc': '2023-04-24T02:14:00', 'candle_date_time_kst': '2023-04-24T11:14:00', 'opening_price': 37072000.0, 'high_price': 37073000.0, 'low_price': 37050000.0, 'trade_price': 37064000.0, 'timestamp': 1682302455630, 'candle_acc_trade_price': 127871273.14766, 'candle_acc_trade_volume': 3.45033994, 'unit': 1}]
[{'type': 'BTC', 'DT': '2023-04-24T11:14:00', 'PRICE': 37057000.0, 'RSI': 59.0702, 'MFI': 54.1258, 'MACD': 47366.4928, 'SIGNAL': 4575.2595, 'OCL': 42791.2333, 'BBH': 37113088.318, 'BBM': 36826650.0, 'BBL': 36540211.682}]
[{'market': 'KRW-BTC', 'candle_date_time_utc': '2023-04-24T02:14:00', 'candle_date_time_kst': '2023-04-24T11:14:00', 'opening_price': 37072000.0, 'high_price': 37073000.0, 'low_price': 37050000.0, 'trade_price': 37073000.0, 'timestamp': 1682302456172, 'candle_acc_trade_price': 132958639.67011, 'candle_acc_trade_volume': 3.58756559, 'unit': 1}]
[{'type': 'BTC', 'DT': '2023-04-24T11:14:00', 'PRICE': 37073000.0, 'RSI': 59.514, 'MFI': 54.1393, 'MACD': 47366.4928, 'SIGNAL': 4575.2595, 'OCL': 42791.2333, 'BBH': 37113088.318, 'BBM': 36826650.0, 'BBL': 36540211.682}]
[{'market': 'KRW-BTC', 'candle_date_time_utc': '2023-04-24T02:14:00', 'candle_date_time_kst': '2023-04-24T11:14:00', 'opening_price': 37072000.0, 'high_price': 37073000.0, 'low_price': 37050000.0, 'trade_price': 37073000.0, 'timestamp': 1682302457557, 'candle_acc_trade_price': 146238188.27011, 'candle_acc_trade_volume': 3.94576559, 'unit': 1}]
[{'type': 'BTC', 'DT': '2023-04-24T11:14:00', 'PRICE': 37073000.0, 'RSI': 59.514, 'MFI': 54.1393, 'MACD': 47366.4928, 'SIGNAL': 4575.2595, 'OCL': 42791.2333, 'BBH': 37113088.318, 'BBM': 36826650.0, 'BBL': 36540211.682}]
[{'market': 'KRW-BTC', 'candle_date_time_utc': '2023-04-24T02:14:00', 'candle_date_time_kst': '2023-04-24T11:14:00', 'opening_price': 37072000.0, 'high_price': 37073000.0, 'low_price': 37050000.0, 'trade_price': 37073000.0, 'timestamp': 1682302457557, 'candle_acc_trade_price': 146238188.27011, 'candle_acc_trade_volume': 3.94576559, 'unit': 1}]
[{'type': 'BTC', 'DT': '2023-04-24T11:14:00', 'PRICE': 37073000.0, 'RSI': 59.514, 'MFI': 54.2148, 'MACD': 47366.4928, 'SIGNAL': 4575.2595, 'OCL': 42791.2333, 'BBH': 37113088.318, 'BBM': 36826650.0, 'BBL': 36540211.682}]
[{'market': 'KRW-BTC', 'candle_date_time_utc': '2023-04-24T02:14:00', 'candle_date_time_kst': '2023-04-24T11:14:00', 'opening_price': 37072000.0, 'high_price': 37073000.0, 'low_price': 37050000.0, 'trade_price': 37073000.0, 'timestamp': 1682302461053, 'candle_acc_trade_price': 253149070.14506, 'candle_acc_trade_volume': 6.82992349, 'unit': 1}]
[{'type': 'BTC', 'DT': '2023-04-24T11:14:00', 'PRICE': 37073000.0, 'RSI': 59.514, 'MFI': 54.2478, 'MACD': 47366.4928, 'SIGNAL': 4575.2595, 'OCL': 42791.2333, 'BBH': 37113088.318, 'BBM': 36826650.0, 'BBL': 36540211.682}]
[{'market': 'KRW-BTC', 'candle_date_time_utc': '2023-04-24T02:14:00', 'candle_date_time_kst': '2023-04-24T11:14:00', 'opening_price': 37072000.0, 'high_price': 37075000.0, 'low_price': 37050000.0, 'trade_price': 37075000.0, 'timestamp': 1682302462341, 'candle_acc_trade_price': 301656888.38016, 'candle_acc_trade_volume': 8.13836365, 'unit': 1}]
[{'type': 'BTC', 'DT': '2023-04-24T11:14:00', 'PRICE': 37075000.0, 'RSI': 59.6135, 'MFI': 54.2969, 'MACD': 47526.037, 'SIGNAL': 4607.1684, 'OCL': 42918.8686, 'BBH': 37113533.4549, 'BBM': 36826750.0, 'BBL': 36539966.5451}]
[{'market': 'KRW-BTC', 'candle_date_time_utc': '2023-04-24T02:14:00', 'candle_date_time_kst': '2023-04-24T11:14:00', 'opening_price': 37072000.0, 'high_price': 37075000.0, 'low_price': 37050000.0, 'trade_price': 37075000.0, 'timestamp': 1682302463122, 'candle_acc_trade_price': 301676889.60116, 'candle_acc_trade_volume': 8.13890313, 'unit': 1}]
[{'type': 'BTC', 'DT': '2023-04-24T11:14:00', 'PRICE': 37075000.0, 'RSI': 59.6135, 'MFI': 54.2969, 'MACD': 47526.037, 'SIGNAL': 4607.1684, 'OCL': 42918.8686, 'BBH': 37113533.4549, 'BBM': 36826750.0, 'BBL': 36539966.5451}]
[{'market': 'KRW-BTC', 'candle_date_time_utc': '2023-04-24T02:14:00', 'candle_date_time_kst': '2023-04-24T11:14:00', 'opening_price': 37072000.0, 'high_price': 37075000.0, 'low_price': 37050000.0, 'trade_price': 37075000.0, 'timestamp': 1682302463122, 'candle_acc_trade_price': 301676889.60116, 'candle_acc_trade_volume': 8.13890313, 'unit': 1}]
[{'type': 'BTC', 'DT': '2023-04-24T11:14:00', 'PRICE': 37075000.0, 'RSI': 59.6135, 'MFI': 54.2969, 'MACD': 47526.037, 'SIGNAL': 4607.1684, 'OCL': 42918.8686, 'BBH': 37113533.4549, 'BBM': 36826750.0, 'BBL': 36539966.5451}]
[{'market': 'KRW-BTC', 'candle_date_time_utc': '2023-04-24T02:14:00', 'candle_date_time_kst': '2023-04-24T11:14:00', 'opening_price': 37072000.0, 'high_price': 37075000.0, 'low_price': 37050000.0, 'trade_price': 37075000.0, 'timestamp': 1682302463122, 'candle_acc_trade_price': 301676889.60116, 'candle_acc_trade_volume': 8.13890313, 'unit': 1}]
[{'type': 'BTC', 'DT': '2023-04-24T11:14:00', 'PRICE': 37075000.0, 'RSI': 59.6135, 'MFI': 54.2969, 'MACD': 47526.037, 'SIGNAL': 4607.1684, 'OCL': 42918.8686, 'BBH': 37113533.4549, 'BBM': 36826750.0, 'BBL': 36539966.5451}]
[{'market': 'KRW-BTC', 'candle_date_time_utc': '2023-04-24T02:14:00', 'candle_date_time_kst': '2023-04-24T11:14:00', 'opening_price': 37072000.0, 'high_price': 37075000.0, 'low_price': 37050000.0, 'trade_price': 37075000.0, 'timestamp': 1682302463122, 'candle_acc_trade_price': 301676889.60116, 'candle_acc_trade_volume': 8.13890313, 'unit': 1}]
[{'type': 'BTC', 'DT': '2023-04-24T11:14:00', 'PRICE': 37075000.0, 'RSI': 59.6135, 'MFI': 54.2969, 'MACD': 47526.037, 'SIGNAL': 4607.1684, 'OCL': 42918.8686, 'BBH': 37113533.4549, 'BBM': 36826750.0, 'BBL': 36539966.5451}]
[{'market': 'KRW-BTC', 'candle_date_time_utc': '2023-04-24T02:14:00', 'candle_date_time_kst': '2023-04-24T11:14:00', 'opening_price': 37072000.0, 'high_price': 37075000.0, 'low_price': 37050000.0, 'trade_price': 37075000.0, 'timestamp': 1682302463122, 'candle_acc_trade_price': 301676889.60116, 'candle_acc_trade_volume': 8.13890313, 'unit': 1}]
[{'type': 'BTC', 'DT': '2023-04-24T11:14:00', 'PRICE': 37075000.0, 'RSI': 59.6135, 'MFI': 54.2969, 'MACD': 47605.809, 'SIGNAL': 4623.1228, 'OCL': 42982.6863, 'BBH': 37113756.8609, 'BBM': 36826800.0, 'BBL': 36539843.1391}]
[{'market': 'KRW-BTC', 'candle_date_time_utc': '2023-04-24T02:14:00', 'candle_date_time_kst': '2023-04-24T11:14:00', 'opening_price': 37072000.0, 'high_price': 37078000.0, 'low_price': 37050000.0, 'trade_price': 37076000.0, 'timestamp': 1682302469109, 'candle_acc_trade_price': 304679486.55514, 'candle_acc_trade_volume': 8.21988734, 'unit': 1}]
[{'type': 'BTC', 'DT': '2023-04-24T11:14:00', 'PRICE': 37076000.0, 'RSI': 59.6634, 'MFI': 54.3, 'MACD': 47605.809, 'SIGNAL': 4623.1228, 'OCL': 42982.6863, 'BBH': 37113756.8609, 'BBM': 36826800.0, 'BBL': 36539843.1391}]
[{'market': 'KRW-BTC', 'candle_date_time_utc': '2023-04-24T02:14:00', 'candle_date_time_kst': '2023-04-24T11:14:00', 'opening_price': 37072000.0, 'high_price': 37078000.0, 'low_price': 37050000.0, 'trade_price': 37076000.0, 'timestamp': 1682302469109, 'candle_acc_trade_price': 304679486.55514, 'candle_acc_trade_volume': 8.21988734, 'unit': 1}]
[{'type': 'BTC', 'DT': '2023-04-24T11:14:00', 'PRICE': 37076000.0, 'RSI': 59.6634, 'MFI': 54.3, 'MACD': 47605.809, 'SIGNAL': 4623.1228, 'OCL': 42982.6863, 'BBH': 37113756.8609, 'BBM': 36826800.0, 'BBL': 36539843.1391}]
[{'market': 'KRW-BTC', 'candle_date_time_utc': '2023-04-24T02:14:00', 'candle_date_time_kst': '2023-04-24T11:14:00', 'opening_price': 37072000.0, 'high_price': 37078000.0, 'low_price': 37050000.0, 'trade_price': 37076000.0, 'timestamp': 1682302469109, 'candle_acc_trade_price': 304679486.55514, 'candle_acc_trade_volume': 8.21988734, 'unit': 1}]
[{'type': 'BTC', 'DT': '2023-04-24T11:14:00', 'PRICE': 37076000.0, 'RSI': 59.7634, 'MFI': 54.3001, 'MACD': 47765.3532, 'SIGNAL': 4655.0316, 'OCL': 43110.3216, 'BBH': 37114205.3428, 'BBM': 36826900.0, 'BBL': 36539594.6572}]
[{'market': 'KRW-BTC', 'candle_date_time_utc': '2023-04-24T02:14:00', 'candle_date_time_kst': '2023-04-24T11:14:00', 'opening_price': 37072000.0, 'high_price': 37078000.0, 'low_price': 37050000.0, 'trade_price': 37078000.0, 'timestamp': 1682302472562, 'candle_acc_trade_price': 304755831.64026, 'candle_acc_trade_volume': 8.22194638, 'unit': 1}]
[{'type': 'BTC', 'DT': '2023-04-24T11:14:00', 'PRICE': 37078000.0, 'RSI': 59.7634, 'MFI': 54.3001, 'MACD': 47765.3532, 'SIGNAL': 4655.0316, 'OCL': 43110.3216, 'BBH': 37114205.3428, 'BBM': 36826900.0, 'BBL': 36539594.6572}]
[{'market': 'KRW-BTC', 'candle_date_time_utc': '2023-04-24T02:14:00', 'candle_date_time_kst': '2023-04-24T11:14:00', 'opening_price': 37072000.0, 'high_price': 37078000.0, 'low_price': 37050000.0, 'trade_price': 37078000.0, 'timestamp': 1682302472562, 'candle_acc_trade_price': 304755831.64026, 'candle_acc_trade_volume': 8.22194638, 'unit': 1}]
[{'type': 'BTC', 'DT': '2023-04-24T11:14:00', 'PRICE': 37078000.0, 'RSI': 59.7634, 'MFI': 54.3001, 'MACD': 47765.3532, 'SIGNAL': 4655.0316, 'OCL': 43110.3216, 'BBH': 37114205.3428, 'BBM': 36826900.0, 'BBL': 36539594.6572}]
[{'market': 'KRW-BTC', 'candle_date_time_utc': '2023-04-24T02:14:00', 'candle_date_time_kst': '2023-04-24T11:14:00', 'opening_price': 37072000.0, 'high_price': 37078000.0, 'low_price': 37050000.0, 'trade_price': 37078000.0, 'timestamp': 1682302472562, 'candle_acc_trade_price': 304755831.64026, 'candle_acc_trade_volume': 8.22194638, 'unit': 1}]
[{'type': 'BTC', 'DT': '2023-04-24T11:14:00', 'PRICE': 37078000.0, 'RSI': 59.7634, 'MFI': 54.3001, 'MACD': 47765.3532, 'SIGNAL': 4655.0316, 'OCL': 43110.3216, 'BBH': 37114205.3428, 'BBM': 36826900.0, 'BBL': 36539594.6572}]
[{'market': 'KRW-BTC', 'candle_date_time_utc': '2023-04-24T02:14:00', 'candle_date_time_kst': '2023-04-24T11:14:00', 'opening_price': 37072000.0, 'high_price': 37078000.0, 'low_price': 37050000.0, 'trade_price': 37078000.0, 'timestamp': 1682302472562, 'candle_acc_trade_price': 304755831.64026, 'candle_acc_trade_volume': 8.22194638, 'unit': 1}]
[{'type': 'BTC', 'DT': '2023-04-24T11:14:00', 'PRICE': 37078000.0, 'RSI': 59.7634, 'MFI': 54.3001, 'MACD': 47924.8974, 'SIGNAL': 4686.9404, 'OCL': 43237.9569, 'BBH': 37114656.0446, 'BBM': 36827000.0, 'BBL': 36539343.9554}]
[{'market': 'KRW-BTC', 'candle_date_time_utc': '2023-04-24T02:14:00', 'candle_date_time_kst': '2023-04-24T11:14:00', 'opening_price': 37072000.0, 'high_price': 37089000.0, 'low_price': 37050000.0, 'trade_price': 37089000.0, 'timestamp': 1682302478909, 'candle_acc_trade_price': 309180752.75904, 'candle_acc_trade_volume': 8.34126288, 'unit': 1}]
[{'type': 'BTC', 'DT': '2023-04-24T11:14:00', 'PRICE': 37089000.0, 'RSI': 60.3195, 'MFI': 54.3047, 'MACD': 48642.8461, 'SIGNAL': 4830.5302, 'OCL': 43812.3159, 'BBH': 37116711.4561, 'BBM': 36827450.0, 'BBL': 36538188.5439}]
[{'market': 'KRW-BTC', 'candle_date_time_utc': '2023-04-24T02:14:00', 'candle_date_time_kst': '2023-04-24T11:14:00', 'opening_price': 37072000.0, 'high_price': 37089000.0, 'low_price': 37050000.0, 'trade_price': 37089000.0, 'timestamp': 1682302478909, 'candle_acc_trade_price': 309180752.75904, 'candle_acc_trade_volume': 8.34126288, 'unit': 1}]
[{'type': 'BTC', 'DT': '2023-04-24T11:14:00', 'PRICE': 37089000.0, 'RSI': 60.3195, 'MFI': 54.3047, 'MACD': 48642.8461, 'SIGNAL': 4830.5302, 'OCL': 43812.3159, 'BBH': 37116711.4561, 'BBM': 36827450.0, 'BBL': 36538188.5439}]
[{'market': 'KRW-BTC', 'candle_date_time_utc': '2023-04-24T02:14:00', 'candle_date_time_kst': '2023-04-24T11:14:00', 'opening_price': 37072000.0, 'high_price': 37089000.0, 'low_price': 37050000.0, 'trade_price': 37089000.0, 'timestamp': 1682302478909, 'candle_acc_trade_price': 309180752.75904, 'candle_acc_trade_volume': 8.34126288, 'unit': 1}]
[{'type': 'BTC', 'DT': '2023-04-24T11:14:00', 'PRICE': 37089000.0, 'RSI': 60.3195, 'MFI': 54.3047, 'MACD': 48642.8461, 'SIGNAL': 4830.5302, 'OCL': 43812.3159, 'BBH': 37116711.4561, 'BBM': 36827450.0, 'BBL': 36538188.5439}]
시장가 매수 완료!
{'uuid': '42313812-60af-419a-8fb2-a5762f274b4f', 'side': 'bid', 'ord_type': 'price', 'price': '10000', 'state': 'wait', 'market': 'KRW-BTC', 'created_at': '2023-04-24T17:52:44.801274+09:00', 'reserved_fee': '5', 'remaining_fee': '5', 'paid_fee': '0', 'locked': '10005', 'executed_volume': '0', 'trades_count': 0}
시장가 매도 완료!
{'uuid': '91395826-8133-4bf7-a507-bdbcd94a66e2', 'side': 'ask', 'ord_type': 'market', 'state': 'wait', 'market': 'KRW-BTC', 'created_at': '2023-04-24T17:52:45.001693+09:00', 'volume': '0.00027453', 'remaining_volume': '0.00027453', 'reserved_fee': '0', 'remaining_fee': '0', 'paid_fee': '0', 'locked': '0.00027453', 'executed_volume': '0', 'trades_count': 0}
[{'market': 'KRW-BTC', 'candle_date_time_utc': '2023-04-24T08:52:00', 'candle_date_time_kst': '2023-04-24T17:52:00', 'opening_price': 36425000.0, 'high_price': 36429000.0, 'low_price': 36418000.0, 'trade_price': 36426000.0, 'timestamp': 1682326365067, 'candle_acc_trade_price': 165392820.73107, 'candle_acc_trade_volume': 4.54062874, 'unit': 1}]
[{'type': 'BTC', 'DT': '2023-04-24T17:52:00', 'PRICE': 36418000.0, 'RSI': 29.5165, 'MFI': 26.8502, 'MACD': -54560.0211, 'SIGNAL': 5226.2836, 'OCL': -59786.3046, 'BBH': 37271981.2758, 'BBM': 36903150.0, 'BBL': 36534318.7242}]
[{'market': 'KRW-BTC', 'candle_date_time_utc': '2023-04-24T08:52:00', 'candle_date_time_kst': '2023-04-24T17:52:00', 'opening_price': 36425000.0, 'high_price': 36429000.0, 'low_price': 36418000.0, 'trade_price': 36426000.0, 'timestamp': 1682326365409, 'candle_acc_trade_price': 167439961.93107, 'candle_acc_trade_volume': 4.59682874, 'unit': 1}]
[{'type': 'BTC', 'DT': '2023-04-24T17:52:00', 'PRICE': 36426000.0, 'RSI': 29.5165, 'MFI': 26.8502, 'MACD': -54560.0211, 'SIGNAL': 5226.2836, 'OCL': -59786.3046, 'BBH': 37271981.2758, 'BBM': 36903150.0, 'BBL': 36534318.7242}]
기타 에러:401
401
시장가 매수 완료!
{'error': {'message': 'Failed to verify Jwt token.', 'name': 'jwt_verification'}}
기타 에러:401
401
Exception 발생!
Traceback (most recent call last):
  File "C:\Users\User\PycharmProjects\Trades\For_Buy.py", line 16, in <module>
    result = upbit.sellcoin_mp("KRW-BTC")
  File "C:\Users\User\PycharmProjects\Trades\upbit.py", line 207, in sellcoin_mp
    cur_balance = get_balance(target_item)
  File "C:\Users\User\PycharmProjects\Trades\upbit.py", line 183, in get_balance
    if myasset_for['currency'] == target_item.split('-')[1]:
TypeError: string indices must be integers

기타 에러:401
401
시장가 매수 완료!
{'error': {'name': 'jwt_verification', 'message': 'Failed to verify Jwt token.'}}
기타 에러:401
401
Exception 발생!
Traceback (most recent call last):
  File "C:\Users\User\PycharmProjects\Trades\For_Buy.py", line 16, in <module>
    result = upbit.sellcoin_mp("KRW-BTC")
  File "C:\Users\User\PycharmProjects\Trades\upbit.py", line 207, in sellcoin_mp
    cur_balance = get_balance(target_item)
  File "C:\Users\User\PycharmProjects\Trades\upbit.py", line 183, in get_balance
    if myasset_for['currency'] == target_item.split('-')[1]:
TypeError: string indices must be integers

시장가 매수 완료!
{'uuid': '93d131da-7be1-4941-b33e-719686d3bfc5', 'side': 'bid', 'ord_type': 'price', 'price': '10000', 'state': 'wait', 'market': 'KRW-BTC', 'created_at': '2023-04-24T21:41:11.503078+09:00', 'reserved_fee': '5', 'remaining_fee': '5', 'paid_fee': '0', 'locked': '10005', 'executed_volume': '0', 'trades_count': 0}
시장가 매도 완료!
{'uuid': '19579965-a25f-4b32-8581-ea74895b1638', 'side': 'ask', 'ord_type': 'market', 'state': 'wait', 'market': 'KRW-BTC', 'created_at': '2023-04-24T21:41:11.707624+09:00', 'volume': '0.00027317', 'remaining_volume': '0.00027317', 'reserved_fee': '0', 'remaining_fee': '0', 'paid_fee': '0', 'locked': '0.00027317', 'executed_volume': '0', 'trades_count': 0}
